{
    "train_losses": [
        0.15703897843829157,
        0.06699322463758757,
        0.04588543935582495,
        0.03977853070592234,
        0.033082399437143535,
        0.03058592113036323,
        0.028595511706341746,
        0.025641676922792678,
        0.026541308315609285,
        0.024524750104442782
    ],
    "val_losses": [
        0.05725394272902871,
        0.03244385286491118,
        0.018525636310775608,
        0.03488861213054406,
        0.038895022929489854,
        0.04619600997312666,
        0.01833539972593415,
        0.05917932233602423,
        0.03727795389156127,
        0.026943777017655764
    ]
}