{
    "train_losses": [
        0.5010293926132219,
        0.34925133283419474,
        0.305809524008441,
        0.280720535118876
    ],
    "val_losses": [
        0.42836289342041267,
        0.516395940586473,
        0.5950395816541982,
        0.5502273816558899
    ]
}