{
    "train_losses": [
        0.6891135620502487,
        0.44208803112937634,
        0.39977714262313796,
        0.37323645841671504,
        0.35214115774616545,
        0.3360097972183036,
        0.3189338411261775,
        0.30685868359158003,
        0.2951122170391316
    ],
    "val_losses": [
        0.5082810203380445,
        0.3959289920680663,
        0.4129907105337171,
        0.3805927625473808,
        0.406488646807916,
        0.4343720817294739,
        0.4731499787474818,
        0.4835681716829319,
        0.48587897531893653
    ]
}