{
    "train_losses": [
        0.6778428662227118,
        0.5193051179050652,
        0.4729986756179982,
        0.4449686821423929,
        0.42932643078576066,
        0.41202517007121175,
        0.3969697551977081,
        0.37790002719670945,
        0.36246553020390543,
        0.34989934858668553,
        0.34248682233964184,
        0.3359002187904181,
        0.33256244199488366,
        0.32954680083910826,
        0.32257571821118536,
        0.31955377919274564,
        0.3156803519917252,
        0.31546024605164413,
        0.31325327310538204,
        0.3089423295732125
    ],
    "val_losses": [
        0.528311806730926,
        0.48092394018107476,
        0.4563921397442327,
        0.4942066184354617,
        0.4312499076716931,
        0.39294639073983384,
        0.37808985911268633,
        0.33669265896520195,
        0.32154484188547083,
        0.31736262114367597,
        0.3124180901307709,
        0.31468049787893987,
        0.2868871509745077,
        0.32150840940812486,
        0.2821439253106398,
        0.2946473041019464,
        0.26318174349687656,
        0.29951065704089536,
        0.29832189019265676,
        0.27107438281639
    ]
}